{
	"version": "0",
	"name": "Bloco Retangular",

	"vertices": [
		
		{"x": -1.2, "y": -0.8, "z": -0.8},
		{"x": 1.2, "y": -0.8, "z": -0.8},
		{"x": 1.2, "y": -0.8, "z": 0.8},
		{"x": -1.2, "y": -0.8, "z": 0.8},

		{"x": -1.2, "y": 0.8, "z": -0.8},
		{"x": 1.2, "y": 0.8, "z": -0.8},
		{"x": 1.2, "y": 0.8, "z": 0.8},
		{"x": -1.2, "y": 0.8, "z": 0.8}
	],

	"connections": [
		0,1,
		1,2,
		2,3,
		0,3,

		4,5,
		5,6,
		6,7,
		4,7,
		
		0,4,
		3,7,

		1,5,
		2,6
	],

	"numVertices": "8",
	"numArestas": "12",
	"numFaces": "6"
}
